__tracepoint_android_vh_binder_free_buf,
__tracepoint_android_vh_rwsem_direct_rsteal,
__tracepoint_android_vh_rwsem_optimistic_rspin,
osq_lock,
osq_unlock,
__tracepoint_android_vh_binder_transaction_received,
__tracepoint_android_vh_binder_special_task,
__tracepoint_android_vh_free_oem_binder_struct,
__tracepoint_android_vh_alloc_oem_binder_struct,
__tracepoint_android_vh_binder_buffer_release,
__tracepoint_android_vh_do_swap_page_spf,
is_transparent_hugepage
__tracepoint_android_vh_binder_find_desc
__tracepoint_android_vh_binder_set_desc_bit
__tracepoint_android_vh_binder_desc_init
__traceiter_android_vh_sched_move_task
__traceiter_android_vh_reweight_entity
__tracepoint_android_vh_sched_move_task
__tracepoint_android_vh_reweight_entity
cpu_cgrp_subsys
css_task_iter_start
css_task_iter_next
css_task_iter_end
